No,Country,Region,Pwrindx,Total Population,Available Manpower,Fit-For-Service,Reaching Military Age Annually,Total Military Personnel,Active Personnel,Reserve Personnel,Total Aircraft Strength,Fighters,Attack,Transports,Trainers,Total Helicopter Strength,Attack Helicopters,Combat Tanks,Armored Fighting Vehicles,Self-Propelled Artillery,Towed Artillery,Rocket Projectors,Total Naval Assets,Aircraft Carriers,Frigates,Destroyers,Corvettes,Submarines,Patrol Vessels,Mine Warfare,Oil Production,Oil Consumption,Proven Reserves,Labor Force,Merchant Marine Strength,"Major Ports, Hubs & Terminals",Roadway Coverage,Railway Coverage,Servicable Airports,Defense Budget,External Debt,Reserves of Foreign Exchange & Gold,Purchasing Power Parity,Square Land Area,Coastline,Shared Border,Waterways
1,United States ,America,0.08,326625791,14521500,12002500,4220000,2083100,1281900,801200,"13,362.00","1,962.00","2,830.00","5,248.00","2,856.00","5,758.00",973,"5,884.00","38,822.00",950,795,"1,197.00",415,20,10,65,0,66,13,11,8853000,19000000,36520000000,"160,400,000.00","3,611.00",24,6586610,224792,"13,513.00","647,000,000,000.00","17,910,000,000,000.00","117,300,000,000.00","19,360,000,000,000.00",9826675,19924,12048,41009
2,Russia,Europe,0.08,142257519,70000000,47000000,1355000,3586128,1013628,2572500,"3,914.00",818,"1,416.00","1,524.00",414,"1,451.00",511,"20,300.00","27,400.00","5,970.00","4,466.00","3,816.00",352,1,9,13,78,62,41,47,10550000,3320000,80000000000,"76,530,000.00","2,572.00",7,982000,87157,"1,218.00","47,000,000,000.00","451,500,000,000.00","418,500,000,000.00","4,000,000,000,000.00",17098242,37653,22408,102000
3,China,Asia,0.09,1379302771,750000000,619000000,19550000,2693000,2183000,510000,"3,035.00","1,125.00","1,527.00",722,353,985,281,"7,716.00","9,000.00","2,000.00","6,246.00","2,050.00",714,1,50,29,39,73,220,29,3981000,10120000,25620000000,"806,700,000.00","4,287.00",15,3860800,86000,507,"151,000,000,000.00","1,649,000,000,000.00","3,194,000,000,000.00","23,120,000,000,000.00",9596961,14500,22457,110000
4,India,Asia,0.14,1281935911,616000000,489600000,22900000,4207250,1362500,2844750,"2,185.00",590,804,708,251,720,15,"4,426.00","3,147.00",190,"4,158.00",266,295,1,14,11,22,16,139,4,734500,3510000,4621000000,"521,900,000.00","1,674.00",7,3320410,63974,346,"47,000,000,000.00","483,400,000,000.00","407,200,000,000.00","9,447,000,000,000.00",3287263,7000,13888,14500
5,France,Europe,0.19,67106161,30000000,23750000,775000,388635,205000,183635,"1,262.00",299,299,433,245,570,54,406,"6,330.00",109,12,13,118,4,11,12,0,10,18,18,16420,1770000,72350000,"30,680,000.00",555,14,951200,29640,464,"40,000,000,000.00","5,360,000,000,000.00","146,800,000,000.00","2,826,000,000,000.00",643801,4853,4072,8501
6,United Kingdom,Europe,0.19,64769452,30000000,24040000,750000,279230,197730,81500,832,103,143,297,342,333,49,227,"5,371.00",89,126,35,76,2,13,6,0,10,21,13,933000,1510000,2564000000,"33,500,000.00","1,551.00",14,394428,16454,460,"50,000,000,000.00","8,126,000,000,000.00","135,000,000,000.00","2,880,000,000,000.00",243610,12429,443,3200
7,South Korea,Asia,0.2,51181299,25610000,21035000,690000,5827250,625000,5202250,"1,560.00",406,466,382,276,748,112,"2,654.00","3,480.00","1,890.00","3,854.00",214,166,1,12,12,14,16,69,11,0,2325000,0,2747000,"1,907.00",8,103029,3381,111,"40,000,000,000.00","376,900,000,000.00","374,800,000,000.00","2,027,000,000,000.00",99720,2413,237,1600
8,Japan,Asia,0.21,126451398,54000000,4400000,1215000,310457,247157,63300,"1,508.00",290,290,486,404,622,84,679,"3,178.00",202,500,99,131,4,0,36,6,17,6,25,3918,4530800,44120000,"67,770,000.00","5,289.00",10,1210251,27182,175,"44,000,000,000.00","3,240,000,000,000.00","1,217,000,000,000.00","5,405,000,000,000.00",377915,29751,0,1770
9,Turkey,Europe,0.22,80845215,41640000,35010000,1375000,710565,350000,360565,"1,056.00",207,207,445,287,475,54,"2,446.00","9,031.00","1,108.00",872,418,194,0,16,0,10,12,34,11,49500,720000,388500000,"31,300,000.00","1,285.00",9,352046,8699,98,"10,200,000,000.00","429,600,000,000.00","107,500,000,000.00","2,133,000,000,000.00",783562,7200,2816,1200
10,Germany,Europe,0.25,80594017,37000000,29540000,791000,208641,178641,30000,714,94,181,381,52,384,58,432,"4,620.00",123,0,38,81,0,10,0,5,6,0,12,46590,2400000,145400000,"45,900,000.00",614,13,644480,41981,539,"45,200,000,000.00","5,326,000,000,000.00","185,300,000,000.00","4,150,000,000,000.00",357022,2389,3694,7467
11,Italy,Europe,0.26,62137802,28000000,22600000,570000,267500,247500,20000,828,90,186,425,193,425,59,200,"10,688.00",164,90,21,143,2,14,4,2,8,10,10,70670,1315000,556700000,2594000,"1,430.00",9,487700,20255,129,"37,700,000,000.00","2,444,000,000,000.00","136,000,000,000.00","2,307,000,000,000.00",301340,7600,1836,2400
12,Egypt,Asia,0.28,97041072,42000000,35306000,1535000,1329250,454250,875000,"1,132.00",309,409,183,384,269,10,"4,946.00","15,695.00","1,139.00","2,189.00","1,216.00",319,2,9,0,4,6,53,23,494300,740000,4400000000,"29,950,000.00",399,7,65050,5083,83,"4,400,000,000.00","76,310,000,000.00","34,020,000,000.00","1,199,000,000,000.00",1001450,2450,2612,3500
13,Iran,Asia,0.31,82021564,47000000,39570000,1400000,934000,534000,400000,505,150,158,192,101,145,12,"1,650.00","2,215.00",440,"2,188.00","1,533.00",398,0,5,0,3,33,230,10,"4,068,000.00","1,870,000.00","158,400,000,000.00","30,500,000.00",739,3,"172,927.00","8,442.00",319,"6,300,000,000.00","10,560,000,000.00","132,600,000,000.00","1,631,000,000,000.00","1,648,195.00","2,440.00","5,894.00",850
14,Brazil,America,0.32,207353391,107000000,84000000,3410000,1987000,334500,1652500,723,46,125,370,176,255,12,469,"1,707.00",112,563,180,110,0,8,0,4,5,34,10,"2,515,000.00","3,100,000.00","13,000,000,000.00","111,600,000.00",766,15,"1,751,868.00","28,538.00","4,093.00","29,300,000,000.00","554,500,000,000.00","377,100,000,000.00","3,219,000,000,000.00","8,514,877.00","7,491.00","16,145.00",50000
15,Indonesia,Asia,0.33,260580739,130000000,107540000,4500000,975750,435750,540000,478,41,80,200,110,197,5,418,"1,131.00",105,356,153,221,0,8,0,24,3,74,12,"831,100.00","1,660,000.00","3,230,000,000.00","126,100,000.00","8,782.00",9,"437,759.00","5,042.00",673,"6,900,000,000.00","322,600,000,000.00","122,500,000,000.00","3,243,000,000,000.00","1,904,569.00","54,716.00","2,958.00",21579
16,Israel,Europe,0.34,8299706,3600000,3000000,122000,615000,170000,445000,596,252,252,95,152,147,48,"2,760.00","10,575.00",650,300,148,65,0,0,0,3,6,32,0,390,"240,000.00","12,730,000.00","4,021,000.00",42,4,"18,290.00",975,47,"20,000,000,000.00","93,020,000,000.00","113,000,000,000.00","315,600,000,000.00","20,770.00",273,"1,068.00",0
17,Pakistan,Asia,0.37,204924861,95000000,75325000,4345000,919000,637000,282000,"1,281.00",320,410,296,486,328,49,"2,182.00","2,604.00",307,"1,240.00",144,197,0,10,0,0,5,11,3,"85,500.00","440,000.00","350,600,000.00","63,890,000.00",52,2,"260,760.00","7,791.00",151,"7,000,000,000.00","75,660,000,000.00","20,020,000,000.00","1,056,000,000,000.00","796,095.00","1,046.00","7,257.00",25220
18,North Korea,Asia,0.39,25248140,13000000,10100000,415000,6445000,945000,5500000,944,458,516,119,169,202,20,"5,243.00","9,935.00","2,250.00","4,300.00","5,000.00",967,0,10,0,2,86,438,25,0,"15,000.00",0,"14,000,000.00",248,8,"25,554.00","5,242.00",82,"7,500,000,000.00","5,000,000,000.00","6,000,000,000.00","40,000,000,000.00","120,538.00","2,495.00","1,607.00",2250
19,Spain,Europe,0.41,48958159,23000000,18725000,423000,174700,124100,50600,524,122,122,153,185,178,16,327,"2,493.00",96,143,0,46,1,11,0,0,3,22,6,"2,667.00","1,205,000.00","150,000,000.00","22,750,000.00",472,9,"681,298.00","15,293.00",150,"11,600,000,000.00","2,094,000,000,000.00","63,140,000,000.00","1,769,000,000,000.00","505,370.00","4,964.00","1,953.00",1000
20,Vietnam,Asia,0.41,96160163,50650000,41505000,1640000,5488500,448500,5040000,283,76,76,165,28,139,25,"1,545.00","3,150.00",524,"2,200.00","1,100.00",65,0,9,0,14,6,25,8,"301,800.00","415,000.00","4,400,000,000.00","56,460,000.00","1,818.00",6,"180,549.00","2,632.00",45,"3,365,000,000.00","91,970,000,000.00","38,750,000,000.00","643,900,000,000.00","331,210.00","3,444.00","4,616.00",17702
21,Australia,Asia,0.42,23232413,10700000,8800000,280000,79700,60000,19700,469,78,78,172,157,184,22,59,"2,040.00",0,75,0,47,2,10,1,0,6,13,6,"289,700.00","1,085,000.00","1,821,000,000.00","12,910,000.00",549,20,"818,356.00","38,445.00",480,"26,300,000,000.00","1,670,000,000,000.00","60,300,000,000.00","1,235,000,000,000.00","7,741,220.00","25,760.00",0,2000
22,Poland,Europe,0.43,38476269,19000000,15585000,435000,184650,109650,75000,466,99,99,258,100,227,29,"1,065.00","2,608.00",443,72,240,83,0,2,0,2,4,3,20,"20,100.00","512,000.00","137,800,000.00","17,600,000.00",152,4,"423,997.00","19,428.00",126,"9,360,000,000.00","362,000,000,000.00","115,000,000,000.00","1,111,000,000,000.00","312,685.00",440,"2,845.00",3997
23,Algeria,Asia,0.43,40969443,20400000,17250000,675000,792350,520000,272350,528,97,107,326,70,280,46,"2,405.00","6,754.00",220,270,176,85,0,8,0,13,8,43,1,"1,348,000.00","350,000.00","12,200,000,000.00","11,820,000.00",110,9,"111,261.00","3,973.00",157,"10,570,000,000.00","8,163,000,000.00","97,670,000,000.00","629,300,000,000.00","2,381,741.00",998,"6,734.00",0
24,Taiwan,Asia,0.43,23508428,12200000,10030000,325000,1932500,257500,1675000,843,286,286,196,205,342,91,"2,005.00","4,350.00",482,"1,160.00",72,87,0,20,4,1,4,51,10,196,"975,000.00","2,380,000.00","11,780,000.00",350,4,"41,475.00","1,580.00",37,"10,725,000,000.00","204,700,000,000.00","468,100,000,000.00","1,175,000,000,000.00","35,980.00","1,566.00",0,3720
25,Canada,America,0.44,35623680,16000000,13025000,425000,88000,64000,24000,413,60,60,184,139,168,0,80,"3,004.00",0,161,0,63,0,12,0,0,4,20,0,"3,679,000.00","2,430,000.00","169,700,000,000.00","19,520,000.00",500,12,"1,042,300.00","46,552.00","1,467.00","16,400,000,000.00","1,608,000,000,000.00","85,600,000,000.00","1,764,000,000,000.00","9,984,670.00","202,080.00","8,893.00",636
26,Saudi Arabia,Asia,0.46,28571770,15300000,14000000,510000,256000,231000,25000,844,203,284,211,244,254,22,"1,142.00","5,472.00",524,432,322,55,0,7,0,4,0,11,3,"10,460,000.00","3,000,000.00","266,500,000,000.00","12,340,000.00",357,4,"221,372.00","1,378.00",214,"56,725,000,000.00","212,900,000,000.00","509,000,000,000.00","1,789,000,000,000.00","2,149,690.00","2,640.00","4,272.00",0
27,Thailand,Asia,0.47,68414135,35500000,27500000,1045000,627425,335425,292000,565,75,93,293,154,299,7,737,"2,614.00",26,695,13,81,1,7,0,7,0,32,7,"257,500.00","1,005,000.00","396,400,000.00","38,370,000.00",781,5,"180,053.00","4,071.00",101,"5,390,000,000.00","135,500,000,000.00","193,500,000,000.00","1,229,000,000,000.00","513,120.00","3,219.00","5,673.00",4000
28,Greece,Europe,0.53,10768477,5000000,4050000,105000,413750,161500,252250,567,189,189,196,146,225,29,"1,345.00","4,209.00",547,463,152,115,0,13,0,0,11,33,4,"3,172.00","285,000.00","10,000,000.00","4,769,000.00","1,364.00",5,"116,711.00","2,548.00",77,"6,540,000,000.00","506,600,000,000.00","6,893,000,000.00","299,500,000,000.00","131,957.00","13,676.00","1,110.00",6
29,Ukraine,Europe,0.54,44033874,22250000,15700000,482000,1182000,182000,1000000,240,39,64,121,46,94,34,"2,214.00","11,868.00","1,302.00","1,669.00",625,25,0,1,0,1,0,12,1,"32,070.00","317,000.00","395,000,000.00","17,990,000.00",419,6,"169,495.00","21,658.00",187,"4,880,000,000.00","125,300,000,000.00","21,800,000,000.00","366,400,000,000.00","603,550.00","2,782.00","5,618.00",2150
30,Czech Republic,Europe,0.6,10674723,5000000,4062000,98000,29050,22000,7050,103,12,28,61,14,50,17,123,518,86,93,0,0,0,0,0,0,0,0,0,"2,333.00","188,000.00","15,000,000.00","5,427,000.00",1,3,"130,671.00","9,469.00",128,"2,596,470,000.00","145,800,000,000.00","161,000,000,000.00","372,600,000,000.00","78,867.00",0,"2,046.00",664
31,Sweden,Europe,0.61,9960487,4065000,3400000,110000,43875,21875,22000,206,72,72,58,71,52,0,120,"2,470.00",0,0,0,63,0,0,0,7,5,14,9,0,"300,000.00",0,"5,361,000.00",358,9,"572,900.00","11,633.00",231,"6,215,000,000.00","939,900,000,000.00","59,390,000,000.00","521,700,000,000.00","450,295.00","3,218.00","2,211.00",2052
32,Mexico,America,0.63,124574795,60000000,48885000,2175000,383575,273575,110000,478,0,36,198,177,217,0,0,695,12,375,0,143,0,6,0,3,0,131,11,"2,187,000.00","2,045,000.00","7,640,000,000.00","54,510,000.00",622,8,"366,095.00","17,166.00","1,714.00","7,000,000,000.00","480,500,000,000.00","189,200,000,000.00","2,406,000,000,000.00","1,964,375.00","9,330.00","4,389.00",2900
33,South Africa,Africa,0.64,54841552,26000000,14100000,965000,94050,78050,16000,209,17,17,100,67,94,12,195,"2,265.00",43,97,50,30,0,4,0,0,3,31,2,"2,000.00","605,000.00","15,000,000.00","22,190,000.00",82,5,"362,099.00","20,192.00",566,"4,610,000,000.00","144,100,000,000.00","48,180,000,000.00","757,300,000,000.00","1,219,090.00","2,798.00","5,244.00",0
34,Switzerland,Europe,0.66,8236303,3615000,3000000,90000,171000,21000,15000,167,54,54,58,55,42,0,134,"1,032.00",224,0,0,0,0,0,0,0,0,0,0,0,"265,000.00",0,"5,159,000.00",51,1,"71,454.00","4,876.00",63,"4,830,000,000.00","1,664,000,000,000.00","679,300,000,000.00","516,700,000,000.00","41,277.00",0,"1,770.00",1299
35,Myanmar,Asia,0.66,55123814,30000000,21635000,1030000,516000,406000,110000,263,56,77,106,75,86,9,592,"1,358.00",108,884,108,155,0,5,0,3,0,40,2,"15,000.00","28,120.00","139,000,000.00","22,300,000.00",97,3,"34,377.00","5,031.00",64,"2,400,000,000.00","9,713,000,000.00","5,032,000,000.00","330,900,000,000.00","676,578.00","1,930.00","6,522.00",12800
36,Norway,Europe,0.68,52320045,2150000,1755000,65000,72500,26500,46000,128,49,49,39,32,35,0,52,684,54,150,0,62,0,5,0,6,6,9,6,"1,648,000.00","223,000.00","6,611,000,000.00","2,797,000.00","1,585.00",6,"93,509.00","4,169.00",95,"7,000,000,000.00","642,300,000,000.00","60,450,000,000.00","375,900,000,000.00","323,802.00","25,148.00","2,566.00",1577
37,Argentina,America,0.71,44293293,20000000,17000000,665000,127720,75000,52720,262,24,49,118,71,116,0,390,828,43,289,32,42,0,0,4,9,2,10,0,"510,600.00","760,000.00","2,185,000,000.00","18,000,000.00",161,8,"231,374.00","36,966.00","1,138.00","4,330,000,000.00","208,600,000,000.00","52,970,000,000.00","911,500,000,000.00","2,780,400.00","4,989.00","11,968.00",11000
38,Netherlands,Europe,0.71,17084719,7800000,6325000,202000,53205,42705,10500,165,61,61,51,23,75,28,0,979,18,0,0,56,0,2,4,0,4,4,6,"18,090.00","990,000.00","113,200,000.00","7,969,000.00","1,244.00",7,"139,295.00","3,013.00",29,"9,840,000,000.00","4,063,000,000,000.00","36,130,000,000.00","915,200,000,000.00","41,543.00",451,"1,053.00",6237
39,Uzbekistan,Asia,0.72,29748859,15800000,13312000,602000,76500,56500,20000,179,69,89,88,2,73,25,420,715,143,880,109,0,0,0,0,0,0,0,0,"52,910.00","106,000.00","594,000,000.00","18,120,000.00",0,1,"86,496.00","3,645.00",53,"70,000,000.00","16,860,000,000.00","16,000,000,000.00","221,700,000,000.00","447,400.00",420,"6,893.00",1100
40,Romania,Europe,0.72,21529967,11050000,9060000,230000,177750,72750,105000,135,34,34,75,27,68,0,827,"1,456.00",0,413,188,48,0,3,0,4,0,6,5,"77,910.00","215,250.00","600,000,000.00","8,951,000.00",114,6,"82,386.00","10,785.00",45,"2,190,000,000.00","94,170,000,000.00","45,070,000,000.00","474,000,000,000.00","238,391.00",225,"2,844.00",1731
41,Belarus,Europe,0.73,9549747,5000000,3710000,100620,401250,56500,344750,202,43,111,67,24,68,21,515,"2,321.00",583,290,123,0,0,0,0,0,0,0,0,"32,670.00","187,000.00","198,000,000.00","4,381,000.00",4,1,"86,392.00","5,537.00",65,"725,000,000.00","38,750,000,000.00","5,059,000,000.00","175,900,000,000.00","207,600.00",0,"3,599.00",2500
42,Peru,America,0.74,31036656,15200000,12355000,605000,369330,100830,268500,275,28,70,125,69,98,16,85,890,12,243,80,60,0,7,0,6,5,6,0,"40,270.00","172,000.00","473,000,000.00","17,030,000.00",88,8,"140,672.00","1,907.00",191,"2,560,000,000.00","70,090,000,000.00","61,340,000,000.00","424,600,000,000.00","1,258,216.00","2,414.00","7,062.00",8808
43,Nigeria,Africa,0.75,190632261,72400000,40710000,3456000,181000,124000,57000,124,9,21,52,47,42,11,148,"1,420.00",25,339,30,75,0,4,0,0,0,93,0,"1,871,000.00","302,000.00","37,060,000,000.00","60,080,000.00",583,3,"193,200.00","3,505.00",54,"2,330,000,000.00","35,230,000,000.00","31,080,000,000.00","1,118,000,000,000.00","923,768.00",853,"4,477.00",8600
44,Malaysia,Asia,0.77,31381992,15000000,12425000,520000,420000,110000,310000,182,36,49,84,41,71,0,74,"1,318.00",0,184,54,61,0,3,0,6,2,41,4,"666,900.00","625,000.00","3,600,000,000.00","14,940,000.00","1,690.00",5,"98,721.00","1,849.00",114,"4,700,000,000.00","213,000,000,000.00","97,440,000,000.00","926,100,000,000.00","329,847.00","4,675.00","2,742.00",7200
45,Colombia,America,0.78,47698524,24000000,19015000,845000,511550,369100,142450,489,21,59,328,64,273,0,0,"1,345.00",0,155,0,234,0,4,0,1,11,55,0,"886,000.00","306,000.00","2,002,000,000.00","24,670,000.00",103,7,"141,374.00",874,836,"12,145,000,000.00","120,400,000,000.00","46,400,000,000.00","712,500,000,000.00","1,138,910.00","3,208.00","6,672.00",24725
46,Venezuela,America,0.79,31304016,14200000,11700000,552000,123000,115000,8000,280,39,39,138,98,104,10,696,700,57,104,52,50,0,3,0,4,2,10,0,"2,277,000.00",785000,3.01E+11,"14,210,000.00",267,5,96155,806,444,"4,000,000,000.00","103,100,000,000.00","6,696,000,000.00","389,400,000,000.00",912050,2800,5267,7100
47,Iraq,Asia,0.82,39192111,16000000,13015000,655000,318000,168000,150000,289,23,56,120,42,162,32,389,"13,028.00",44,120,30,60,0,0,0,0,0,23,0,4452000,770000,1.43E+11,"8,900,000.00",77,3,44900,2272,102,"6,055,000,000.00","73,430,000,000.00","47,020,000,000.00","660,700,000,000.00",438317,58,3809,5279
48,Angola,Africa,0.83,29310273,6030000,3040000,310000,175500,107000,68500,283,59,56,145,47,121,15,244,538,28,332,115,57,0,0,0,0,0,38,2,1770000,133000,8273000000,"12,510,000.00",55,4,51429,2764,176,"4,150,000,000.00","27,340,000,000.00","18,100,000,000.00","192,000,000,000.00",1246700,1600,5369,1300
49,Syria,Asia,0.83,18028549,11600000,10000000,502000,304000,154000,150000,460,201,134,106,69,167,28,"4,640.00","4,510.00",436,"2,150.00",650,56,0,2,0,0,0,14,7,28670,260000,2500000000,"3,767,000.00",21,3,68157,2052,90,"1,872,000,000.00","5,699,000,000.00","407,300,000.00","50,280,000,000.00",185180,193,2363,900
50,Kazakhstan,Asia,0.86,18556698,8500000,6440000,245000,106500,74500,32000,214,67,82,90,18,75,18,300,"1,613.00",285,744,393,15,0,0,0,0,0,12,0,1595000,260000,30000000000,"9,147,000.00",119,5,97418,15333,96,"2,435,000,000.00","159,200,000,000.00","31,440,000,000.00","474,300,000,000.00",2724900,26,13364,0
51,Ethiopia,Africa,0.88,105350020,40000000,24800000,1950000,162000,162000,0,80,24,24,42,14,33,8,800,800,85,700,183,0,0,0,0,0,0,0,0,0,57000,428000,"52,820,000.00",11,2,36469,681,57,"340,000,000.00","29,090,000,000.00","3,147,000,000.00","195,800,000,000.00",1104300,0,5925,104300
52,Philippines,Asia,0.9,104256076,50700000,41575000,2100000,498250,172500,325750,158,0,20,85,24,91,0,45,778,0,270,0,119,0,4,0,10,0,35,0,20000,300000,138500000,"44,460,000.00","1,508.00",6,"213,151.00",995,247,"3,000,000,000.00","80,880,000,000.00","81,530,000,000.00","874,500,000,000.00",300000,36289,0,3219
53,Azerbaijan,Asia,0.9,9961396,5000000,3750000,150000,374500,67000,307500,135,18,29,83,19,93,17,520,"1,590.00",119,240,191,31,0,1,0,0,4,13,7,833500,"93,000.00",7000000000,"5,118,000.00",311,1,52942,2918,37,"1,600,000,000.00","16,620,000,000.00","8,886,000,000.00","166,800,000,000.00",86600,713,2468,0
54,Denmark,Europe,0.91,5605948,2500000,2020000,75000,75150,20800,54350,113,33,33,39,38,35,0,57,673,12,0,0,90,0,9,0,0,0,0,7,140660,155000,490600000,"2,998,000.00",654,8,73197,2667,80,"4,440,000,000.00","484,800,000,000.00","68,800,000,000.00","285,500,000,000.00",43094,7314,140,400
55,Morocco,Asia,0.91,33986655,17000000,14406000,600000,373000,198000,175000,284,56,56,116,80,130,0,"1,276.00","2,348.00",448,192,72,121,0,6,0,1,0,22,0,160,210000,684000,"12,000,000.00",82,5,58395,2067,55,"3,400,000,000.00","45,720,000,000.00","22,970,000,000.00","300,100,000,000.00",446550,1835,2363,0
56,Bangladesh,Asia,0.91,157826578,37000000,66110000,3300000,225000,160000,65000,173,45,45,71,57,64,0,534,942,18,0,32,89,0,6,0,4,2,30,5,4000,119000,28000000,"73,410,000.00",306,3,21269,2622,18,"1,590,000,000.00","45,070,000,000.00","33,660,000,000.00","686,500,000,000.00",143998,580,4413,8370
57,Hungary,Europe,0.92,9850845,4650000,3800000,115000,77250,23250,54000,35,12,12,19,4,15,0,32,"1,123.00",0,300,65,0,0,0,0,0,0,0,0,13830,135000,25100000,"4,599,000.00",0,6,199567,8057,41,"1,040,000,000.00","131,800,000,000.00","27,020,000,000.00","283,600,000,000.00",103000,0,2106,1622
58,Chile,America,0.94,17789267,8600000,7200000,280000,137850,65000,72850,254,44,44,110,79,87,0,300,"2,346.00",48,0,8,69,0,8,0,0,4,23,0,4423,340000,150000000,"8,881,000.00",211,7,80505,7082,481,"5,483,000,000.00","167,900,000,000.00","39,110,000,000.00","451,100,000,000.00",756102,6435,7801,12290
59,Finland,Europe,0.97,5518371,2300000,1900000,65000,262050,29350,232700,153,55,55,31,66,27,0,160,"1,370.00",90,871,58,270,0,0,0,0,0,8,18,0,200000,0,"2,695,000.00",267,6,78141,5919,148,"3,660,000,000.00","544,700,000,000.00","10,800,000,000.00","242,400,000,000.00",338145,1250,2563,7842
60,Bulgaria,Europe,0.98,7101510,3300000,2700000,66000,52650,33150,19500,73,20,32,25,15,24,0,531,"1,103.00",150,350,100,29,0,4,0,3,0,0,10,1000,94000,15000000,"2,581,000.00",80,2,19512,4152,68,"700,000,000.00","39,510,000,000.00","27,520,000,000.00","152,400,000,000.00",110880,354,1806,470
61,Austria,Europe,1,8754413,4000000,3600000,95000,170000,25000,145000,124,15,15,67,31,67,0,56,393,83,0,0,0,0,0,0,0,0,0,0,15160,265000,43000000,"3,997,000.00",1,4,110778,6399,52,"3,220,000,000.00","689,100,000,000.00","23,360,000,000.00","434,100,000,000.00",83871,0,2524,0
62,Slovakia,Europe,1,5445829,2780000,2300000,62000,14675,14675,0,49,18,18,23,7,17,0,22,478,16,0,17,0,0,0,0,0,0,0,0,200,71000,9000000,"2,758,000.00",11,2,43916,3622,35,"1,025,000,000.00","75,040,000,000.00","3,133,000,000.00","178,700,000,000.00",49035,0,1587,172
63,Portugal,Europe,1,10839514,5030000,4122000,117000,268500,35000,233500,93,24,24,36,23,25,0,133,"1,080.00",18,60,0,41,0,5,0,0,2,18,0,0,241000,0,"5,233,000.00",466,4,82900,3319,64,"3,800,000,000.00","449,000,000,000.00","25,130,000,000.00","311,300,000,000.00",92090,1793,1224,210
64,Bolivia,America,1,11138234,5000000,3780000,215000,81900,44800,37100,72,0,0,40,26,39,0,54,137,0,86,0,173,0,0,0,0,0,11,0,59330,"68,000.00","211,500,000.00","5,070,000.00",55,1,"80,488.00",3652,855,"315,000,000.00","14,810,000,000.00","8,287,000,000.00","83,500,000,000.00",1098581,0,7252,10000
65,United Arab Emirates,Asia,1.02,6072475,3660000,3100000,52000,64000,64000,0,540,97,103,175,166,206,30,464,"2,204.00",177,105,54,75,0,0,0,2,0,12,2,3106000,700000,97800000000,"5,344,000.00",618,6,4080,0,43,"14,375,000,000.00","239,700,000,000.00","89,790,000,000.00","691,900,000,000.00",83600,1318,1066,0
66,Yemen,Asia,1.04,28036829,11040000,8175000,565000,43500,43500,0,169,77,77,67,21,61,14,826,"3,007.00",25,280,423,30,0,0,0,2,0,23,3,21670,145000,3000000000,"7,425,000.00",31,3,71300,0,57,"1,440,000,000.00","7,252,000,000.00","245,100,000,000.00","68,950,000,000.00",527968,1906,1601,0
67,Singapore,Asia,1.09,5888926,1260000,2110000,53000,504500,72000,432500,236,100,100,65,36,78,17,196,"2,192.00",48,262,18,40,0,6,0,6,0,11,2,0,"1,300,000.00",0,"3,668,000.00","3,558.00",1,"3,356.00",0,9,"9,700,000,000.00","482,800,000,000.00","266,300,000,000.00","513,700,000,000.00",697,193,0,10
68,Belgium,Europe,1.09,11491346,4800000,3815000,117015,38800,32300,6500,164,45,45,49,70,33,0,0,545,0,0,0,17,0,2,0,0,0,2,6,0,"615,000.00",0,"5,324,000.00",185,8,"153,595.00","3,233.00",41,"5,085,000,000.00","1,281,000,000,000.00","23,570,000,000.00","526,400,000,000.00","30,528.00",67,"1,297.00",2043
69,Ecuador,America,1.15,16290913,7600000,6105000,300000,158500,40000,118500,123,10,10,49,49,45,0,232,385,12,100,18,19,0,2,0,5,1,5,0,548400,255000,8273000000,"8,011,000.00",138,4,43670,965,432,"2,400,000,000.00","37,750,000,000.00","3,935,000,000.00","188,500,000,000.00",283560,2237,2237,1500
70,Sudan,Asia,1.16,37345935,20850000,13320000,1045000,282150,177150,105000,186,46,81,93,6,71,41,360,415,16,750,25,18,0,0,0,0,0,12,0,104900,94500,5000000000,"11,920,000.00",17,1,11900,5978,74,"2,470,000,000.00","53,350,000,000.00","504,900,000.00","186,800,000,000.00",1861484,853,6819,1723
71,Afghanistan,Asia,1.2,34124811,14000000,8000000,765000,200000,200000,0,204,0,12,160,0,145,4,0,"9,542.00",0,200,50,0,0,0,0,0,0,0,0,0,50000,0,"7,983,000.00",0,2,42150,0,43,"11,500,000,000.00","1,280,000,000.00","6,477,000,000.00","69,510,000,000.00",652230,0,5987,1200
72,Croatia,Europe,1.21,4292095,2100000,1612000,55500,21525,18525,3000,73,12,12,23,19,47,0,72,574,21,70,92,28,0,0,0,0,0,6,7,13580,84000,71000000,"1,552,000.00",288,6,29343,2722,69,"958,000,000.00","44,530,000,000.00","15,530,000,000.00","100,200,000,000.00",56594,5835,2237,785
73,Cuba,America,1.23,11147407,6000000,4825000,142000,1256000,69500,1186500,80,39,39,11,26,14,4,50,"1,830.00",100,250,100,12,0,2,0,0,1,15,8,49830,171000,124000000,"4,691,000.00",43,8,60858,8203,133,"700,000,000.00","20,550,000,000.00","12,800,000,000.00","132,900,000,000.00",110860,3735,29,240
74,Libya,Asia,1.26,6653210,3500000,3000000,117000,100000,35000,65000,118,18,17,32,63,26,8,340,699,50,150,100,5,0,1,0,1,0,0,5,384700,250000,48360000000,"1,114,000.00",98,4,100024,2757,146,"3,000,000,000.00","2,927,000,000.00","69,350,000,000.00","63,140,000,000.00",1759540,1770,4339,0
75,Democratic Republic of the Congo,Africa,1.37,83301151,16000000,20500000,1750000,144625,144625,0,40,2,6,36,0,27,8,200,210,0,100,0,20,0,0,0,0,0,1,0,20000,9320,180000000,"31,360,000.00",40,11,153497,4007,198,"162,000,000.00","5,324,000,000.00","444,600,000.00","66,010,000,000.00",2344858,37,10481,15000
76,Jordan,Asia,1.44,10248069,3300000,2825000,143000,170600,105600,65000,261,36,42,100,59,143,47,"1,321.00","2,547.00",461,72,88,37,0,0,0,0,0,27,0,22,111000,1000000,"2,295,000.00",31,1,7891,507,18,"1,500,000,000.00","27,720,000,000.00","15,980,000,000.00","89,050,000,000.00",89342,26,1744,540
77,Tunisia,Asia,1.46,11403800,5800000,5000000,178000,50150,38150,12000,148,12,12,91,30,84,0,199,679,19,162,0,50,0,0,0,0,0,26,7,48670,90000,425000000,"4,054,000.00",62,5,19418,2165,29,"550,000,000.00","31,050,000,000.00","5,699,000,000.00","135,900,000,000.00",163610,1148,1495,0
78,Serbia,Europe,1.56,7111024,3500000,2755000,86000,90075,40075,50000,104,9,26,12,36,40,0,805,575,72,144,82,19,0,0,0,0,0,7,5,20000,77200,77500000,"2,920,000.00",0,0,41913,3379,26,"830,000,000.00","30,600,000,000.00","10,790,000,000.00","106,600,000,000.00",77474,0,2322,587
79,Oman,Asia,1.57,3424386,1730000,1500000,63000,61800,57300,4500,127,20,30,50,43,46,0,117,950,15,168,12,16,0,0,0,5,0,12,0,1007000,154000,5373000000,"968,800.00",51,3,60240,0,132,"6,715,000,000.00","39,170,000,000.00","19,960,000,000.00","187,900,000,000.00",309500,2092,1561,0
80,Turkmenistan,Asia,1.57,5351277,2770000,2255000,110000,30000,30000,0,72,24,44,28,0,25,10,712,"1,941.00",68,269,110,4,0,0,0,0,0,6,0,230880,132350,600000000,"2,305,000.00",73,1,58592,2980,26,"200,000,000.00","443,400,000,000.00","20,600,000,000.00","103,500,000,000.00",488100,1768,4158,1300
81,Zimbabwe,Africa,1.62,13805084,5500000,3175000,310000,52000,30000,22000,90,10,7,34,46,28,6,72,172,0,26,64,0,0,0,0,0,0,0,0,0,19000,0,"7,907,000.00",0,2,97267,3427,196,"95,000,000.00","10,970,000,000.00","374,000,000.00","33,870,000,000.00",390757,0,3229,0
82,Georgia,Europe,1.65,4926330,2250000,1825000,58000,35825,30325,5500,57,0,0,44,13,42,9,220,"1,946.00",118,230,265,9,0,0,0,0,0,4,0,400,17000,35000000,"1,998,000.00",84,2,20329,1612,22,"380,000,000.00","14,150,000,000.00","2,945,000,000.00","39,320,000,000.00",69700,310,1814,4349
83,Zambia,Africa,1.65,15972000,6000000,3435000,320000,19600,15100,4500,105,18,18,35,52,26,0,25,234,0,42,50,0,0,0,0,0,0,0,0,0,21250,0,"6,898,000.00",1,1,91440,2157,88,"245,000,000.00","10,790,000,000.00","2,426,000,000.00","68,900,000,000.00",752618,0,6043,2250
84,Armenia,Europe,1.66,3045191,1700000,1400000,45000,215700,44800,170900,64,0,11,39,12,42,15,229,636,38,150,150,0,0,0,0,0,0,0,0,0,50000,0,"1,507,000.00",0,0,7705,869,11,"512,000,000.00","9,170,000,000.00","2,242,000,000.00","27,210,000,000.00",29743,0,1570,0
85,Kenya,Africa,1.67,47615739,19300000,12470000,840000,29150,24150,5000,138,17,17,47,33,69,0,76,591,30,25,0,19,0,0,0,0,0,6,0,0,84000,0,"19,820,000.00",20,2,160886,2066,197,"595,000,000.00","24,990,000,000.00","7,592,000,000.00","163,400,000,000.00",580367,536,3457,0
86,Albania,Europe,1.68,3047987,1515000,1300000,62000,64000,50000,14000,23,0,0,23,0,23,0,0,688,0,0,0,38,0,0,0,0,0,28,2,22750,40000,168300000,"1,407,000.00",57,4,18000,339,4,"138,400,000.00","8,579,000,000.00","3,274,000,000.00","35,870,000,000.00",28748,362,691,41
87,Mongolia,Asia,1.69,3068243,1800000,1500000,61000,150275,10275,140000,9,0,0,9,0,6,0,420,648,0,300,130,0,0,0,0,0,0,0,0,23430,25110,0,"1,240,000.00",261,0,49249,1908,44,"70,000,000.00","22,280,000,000.00","6,000,000,000.00","38,400,000,000.00",1564116,0,8082,580
88,Kuwait,Asia,1.72,2875422,1620000,1365000,34000,46500,15500,31000,80,27,27,13,7,41,16,368,861,98,0,27,38,0,0,0,0,0,106,0,2924000,470000,1.02E+11,"2,695,000.00",161,5,5749,0,7,"5,200,000,000.00","48,910,000,000.00","33,130,000,000.00","302,500,000,000.00",17818,499,475,0
89,Sri Lanka,Asia,1.74,22409381,10850000,8755000,330000,300700,202500,98200,75,1,1,66,6,51,9,102,571,0,154,27,40,0,0,0,0,0,191,0,0,95000,0,"8,937,000.00",82,1,114093,1449,19,"1,500,000,000.00","47,800,000,000.00","6,632,000,000.00","278,200,000,000.00",65610,1340,0,160
90,New Zealand,Asia,1.79,4510327,2100000,1675000,60000,11300,9000,2300,50,0,0,29,15,22,0,0,155,0,24,0,11,0,2,0,0,0,6,0,34730,153000,56900000,"2,655,000.00",103,6,94160,4128,123,"1,870,000,000.00","88,080,000,000.00","18,320,000,000.00","185,700,000,000.00",267710,15134,0,0
91,Kyrgyzstan,Asia,1.82,5789122,3000000,2377000,111000,23700,13700,10000,6,0,0,6,0,6,2,150,438,30,159,21,0,0,0,0,0,0,0,0,1000,35100,40000000,"2,841,000.00",0,1,34000,470,28,"240,000,000.00","8,679,000,000.00","2,411,000,000.00","22,640,000,000.00",199951,0,4573,600
92,Slovenia,Europe,1.86,1972126,942000,775000,20000,15500,7500,8000,28,0,0,15,16,0,84,247,0,54,0,2,0,0,0,0,0,0,2,0,5,50500,0,"931,200.00",7,1,38985,1228,16,"790,000,000.00","46,300,000,000.00","911,200,000.00","70,360,000,000.00",20273,47,1211,0
93,Uganda,Africa,1.89,39570125,14300000,8515000,845000,56500,45000,11500,43,10,10,23,10,21,5,240,"1,060.00",0,27,26,8,0,0,0,0,0,8,0,0,18180,2500000000,"20,050,000.00",1,0,20000,1244,47,"280,000,000.00","7,163,000,000.00","3,045,000,000.00","88,610,000,000.00",241038,0,2729,0
94,Chad,Africa,1.9,12075985,4600000,2580000,260000,30500,30500,0,32,0,6,22,4,16,3,60,332,10,51,10,0,0,0,0,0,0,0,0,110200,125000,1500000000,"5,654,000.00",0,0,40000,0,59,"120,000,000.00","1,268,000,000.00","74,200,000.00","29,640,000,000.00",1284000,0,6406,0
95,Lithuania,Europe,1.92,2823859,1800000,1400000,40000,23015,16015,7000,11,0,1,9,1,5,0,0,432,0,54,0,12,0,0,0,0,0,4,4,2000,75270,12000000,"1,467,000.00",60,2,84166,1767,61,"430,000,000.00","34,480,000,000.00","2,602,000,000.00","90,630,000,000.00",65300,90,1545,441
96,Tajikistan,Asia,2.07,8468555,4035000,3200000,152000,14900,7400,7500,25,0,0,21,4,20,6,37,46,0,10,3,0,0,0,0,0,0,0,0,180,15300,12000000,"2,295,000.00",0,0,27767,680,24,"75,000,000.00","5,770,000,000.00","642,400,000.00","27,670,000,000.00",143100,0,4130,200
97,Bahrain,Asia,2.08,1410942,800000,680000,17120,47405,11600,35805,103,17,17,29,37,63,22,180,277,13,26,9,39,0,1,0,0,0,33,0,50000,49000,124600000,"831,600.00",260,2,4122,0,4,"730,000,000.00","42,390,000,000.00","2,166,000,000.00","69,770,000,000.00",760,161,0,0
98,Tanzania,Africa,2.09,53950935,10000000,11750000,1030000,110000,30000,80000,31,14,14,8,8,3,0,30,150,0,12,0,19,0,0,0,0,0,12,0,0,52520,0,"24,890,000.00",279,2,86472,3689,166,"220,000,000.00","15,880,000,000.00","4,174,000,000.00","162,800,000,000.00",947300,1424,4161,0
99,South Sudan,Africa,2.1,13026129,6700000,4260000,335000,197500,197500,0,9,0,0,9,0,9,0,110,250,24,0,15,0,0,0,0,0,0,0,0,152500,65000,3750000000,"750,000.00",0,0,7000,236,85,"545,000,000.00","2,250,000,000.00","100,000,000.00","19,750,000,000.00",644329,0,6018,0
100,Qatar,Asia,2.11,2314307,600000,465000,12000,12000,12000,0,101,9,15,42,31,43,0,92,464,24,12,21,80,0,0,0,0,0,69,0,1523000,220000,25240000000,"1,953,000.00",143,3,7790,0,6,"1,930,000,000.00","168,000,000,000.00","16,890,000,000.00","341,700,000,000.00",11586,563,87,0
101,Nepal,Asia,2.17,29384297,14600000,11210000,750000,157000,95000,62000,14,0,0,10,0,11,0,0,"1,480.00",0,120,0,0,0,0,0,0,0,0,0,0,19250,0,"15,600,000.00",0,0,17282,59,47,"210,000,000.00","5,948,000,000.00","8,668,000,000.00","78,550,000,000.00",147181,0,3159,0
102,Cambodia,Asia,2.22,16204486,8000000,5605000,310000,195000,125000,70000,22,0,0,22,0,17,0,550,300,0,600,0,27,0,0,0,0,0,26,0,0,48000,0,"7,897,000.00",442,2,39618,690,16,"192,000,000.00","11,290,000,000.00","11,290,000,000.00","64,210,000,000.00",181035,443,2530,3700
103,Botswana,Africa,2.27,2214858,948157,565101,22208,9000,9000,0,43,10,10,25,8,16,0,0,30,0,20,0,0,0,0,0,0,0,0,0,0,"18,000.00",0,"1,177,000.00",0,0,"17,916.00",0,74,"470,000,000.00","2,461,000,000.00","7,476,000,000.00","39,550,000,000.00","581,731.00",0,"4,347.00",0
104,Guatemala,America,2.31,15460732,6600000,5518000,340000,106775,16775,90000,28,0,4,20,4,13,0,20,134,0,88,0,26,0,0,0,0,0,10,0,"8,997.00","80,000.00","83,070,000.00","6,664,000.00",9,2,"11,501.00",332,291,"210,000,000.00","23,540,000,000.00","10,050,000,000.00","138,300,000,000.00","108,889.00",400,"1,667.00",990
105,Latvia,Europe,2.31,1944643,850000,850000,20500,17155,9155,8000,4,0,0,4,0,4,0,0,250,0,20,0,18,0,0,0,0,0,11,6,0,"33,670.00",0,"990,000.00",65,2,"72,440.00","2,239.00",42,"280,000,000.00","40,020,000,000.00","3,595,000,000.00","53,470,000,000.00","64,589.00",498,"1,370.00",300
106,Lebanon,Asia,2.34,6229794,2200000,1865000,72000,116000,96000,20000,62,0,5,43,7,54,0,294,"3,769.00",12,226,30,57,0,0,0,0,0,12,0,0,"105,000.00",0,"2,166,000.00",54,2,"6,970.00",401,8,"1,735,000.00","39,460,000,000.00","53,100,000,000.00","87,890,000,000.00","10,400.00",225,484,170
107,Ghana,Africa,2.35,27499924,12500000,8360000,530000,135000,13500,0,24,0,0,17,4,14,0,0,300,0,0,0,20,0,0,0,0,0,11,0,"100,500.00","67,000.00","660,000,000.00","12,490,000.00",211,2,"109,515.00",947,10,"120,000,000.00","23,100,000,000.00","7,345,000,000.00","130,200,000,000.00","238,533.00",539,"2,420.00",1293
108,Estonia,Europe,2.41,1251581,600000,465000,13000,35000,5000,30000,6,0,0,0,6,4,0,0,318,0,66,0,6,0,0,0,0,0,0,3,0,"29,500.00",0,"670,200.00",78,6,"58,412.00","1,196.00",18,"335,000,000.00","19,050,000,000.00","389,800,000.00","41,200,000,000.00","45,228.00","3,794.00",657,335
109,Niger,Africa,2.48,19245344,6600000,4415000,370000,11000,5500,5500,18,0,2,9,0,7,1,0,157,0,0,0,0,0,0,0,0,0,0,0,"13,000.00","57,700.00","150,000,000.00","6,500,000.00",2,0,"18,949.00",0,30,"85,000,000.00","3,090,000,000.00","903,000,000.00","21,620,000,000.00","1,267,000.00",0,"5,834.00",300
110,Cameroon,Africa,2.49,24994885,9300000,5515000,430000,25000,15000,10000,30,0,0,21,6,17,0,0,100,0,0,0,64,0,0,0,0,0,9,0,"93,200.00","30,000.00","200,000,000.00","9,912,000.00",19,3,"51,350.00","1,245.00",33,"370,000,000.00","8,238,000,000.00","2,357,000,000.00","81,550,000,000.00","475,440.00",400,"5,018.00",0
111,Mozambique,Africa,2.51,26537706,4600000,5620000,555000,11200,11200,0,15,8,8,6,1,5,2,96,335,0,100,12,8,0,0,0,0,0,6,0,0,"24,000.00",0,"12,980,000.00",27,3,"30,331.00","4,787.00",98,"86,000,000.00","10,270,000,000.00","2,193,000,000.00","37,390,000,000.00","799,380.00","2,470.00","4,783.00",460
112,Honduras,America,2.53,9038741,4100000,3066000,190000,76000,12000,64000,42,3,12,19,10,10,0,19,122,0,56,0,59,0,0,0,0,0,20,0,0,"58,200.00",0,"3,735,000.00",552,4,"14,742.00",44,103,"205,000,000.00","9,025,000,000.00","4,460,000,000.00","45,680,000,000.00","112,090.00",832,"1,575.00",465
113,Paraguay,America,2.54,6943739,3360000,2845000,146000,183200,10700,172500,30,0,0,16,15,10,0,9,63,0,50,0,40,0,0,0,0,0,24,0,0,"27,200.00",0,"3,428,000.00",78,4,"29,500.00",36,799,"145,000,000.00","17,350,000,000.00","7,504,000,000.00","68,050,000,000.00","406,752.00",0,"4,655.00",3100
114,Mali,Africa,2.58,17885245,6000000,3795000,320000,15500,7500,8000,30,9,9,11,1,7,5,24,135,0,10,0,0,0,0,0,0,0,0,0,0,"5,440.00",0,"6,447,000.00",0,1,"22,474.00",593,25,"76,160,000.00","4,296,000,000.00","3,074,000,000.00","40,980,000,000.00","1,240,192.00",0,"7,908.00",0
115,Uruguay,America,2.6,3360148,1555000,1305000,54500,25900,25000,900,49,0,8,19,15,12,0,79,434,6,64,0,20,0,2,0,0,0,3,3,0,"49,200.00",0,"1,748,000.00",56,1,"77,732.00","1,641.00",133,"490,000,000.00","28,270,000,000.00","14,280,000,000.00","78,410,000,000.00","176,215.00",660,"1,591.00",1600
116,Ireland,Europe,2.6,5011102,2342853,1943531,55760,9500,7300,2200,19,0,0,10,8,16,0,0,80,0,0,0,8,0,0,0,0,0,8,0,0,"145,000.00",0,"2,226,000.00",83,2,"96,036.00","3,237.00",40,"1,165,093,600.00","2,470,000,000,000.00","3,600,000,000.00","344,800,000,000.00","70,273.00","1,448.00",443,956
117,Laos,Asia,2.61,7126706,3200000,2302000,145000,130000,30000,100000,30,0,0,28,0,27,0,55,185,0,149,0,36,0,0,0,0,0,61,0,0,"3,520.00",0,"3,582,000.00",1,0,"39,568.00",0,41,"18,500,000.00","13,640,000,000.00","989,800,000.00","49,210,000,000.00","236,800.00",0,"5,274.00",4600
118,Macedonia,Europe,2.63,2103721,1046540,871803,31064,24055,8055,16000,20,0,0,10,10,14,4,31,330,0,144,24,0,0,0,0,0,0,0,0,0,"20,000.00",0,"950,800.00",0,0,"14,182.00",700,10,"108,152,512.00","8,070,000,000.00","2,794,000,000.00","31,550,000,000.00","25,713.00",0,838,280
119,Ivory Coast,Africa,2.71,24184810,10300000,6556000,490000,17450,17450,0,2,0,0,2,0,2,0,5,85,0,36,0,10,0,0,0,0,0,5,0,"30,000.00","22,760.00","100,000,000.00","8,747,000.00",9,3,"81,996.00",660,27,"440,000,000.00","12,380,000,000.00","4,688,000,000.00","96,270,000,000.00","322,463.00",515,"3,458.00",980
120,Republic of Congo,Africa,2.9,4954674,1900000,1150000,100000,12000,10000,2000,15,4,4,3,1,10,3,48,100,0,0,6,6,0,0,0,0,0,1,0,"308,400.00","180,000.00","1,600,000,000.00","2,055,000.00",33,6,"17,289.00",886,27,"135,300,000.00","4,817,000,000.00","813,400,000.00","30,270,000,000.00","342,000.00",169,"5,008.00",1120
121,Montenegro,Europe,2.91,642550,153350,90700,3565,3390,2560,830,5,0,0,0,0,5,0,0,85,0,12,18,18,0,2,0,0,0,6,0,0,"4,445.00",0,"263,200.00",12,1,"7,762.00",250,5,"83,000,000.00","1,600,000,000.00","700,000,000.00","10,860,000,000.00","13,812.00",294,680,0
122,Nicaragua,America,2.96,6025951,3005000,2565000,140000,13000,13000,0,20,0,0,17,1,16,0,84,253,0,272,163,30,0,0,0,0,0,18,0,0,"34,070.00",0,"3,046,000.00",5,2,"22,111.00",0,147,"44,200,000.00","11,360,000,000.00","2,521,000,000.00","36,220,000,000.00","130,370.00",910,"1,253.00",2220
123,Madagascar,Africa,3.01,25054161,9900000,7075000,500000,21600,13500,8100,2,0,0,2,0,2,0,12,103,0,17,0,8,0,0,0,0,0,7,0,0,"20,150.00",0,"13,400,000.00",28,4,"34,476.00",854,83,"56,000,000.00","3,914,000,000.00","1,141,000,000.00","39,810,000,000.00","587,040.00","4,828.00",0,600
124,Bosnia and Herzegovina,Europe,3.03,3856181,2400000,2000000,52000,12750,12750,0,20,0,0,11,0,20,0,149,100,15,40,110,0,0,0,0,0,0,0,0,0,"36,000.00",0,"1,510,000.00",0,5,"22,926.00",601,24,"250,000,000.00","10,450,000,000.00","5,370,000,000.00","43,850,000,000.00","51,197.00",20,"1,543.00",0
125,Dominican Republic,America,3.14,10734247,3535621,1767810,105855,65925,50925,15000,62,0,8,20,13,43,0,6,20,0,20,0,33,0,0,0,0,0,24,0,0,"115,000.00",0,"4,732,000.00",23,5,"19,705.00",496,36,"110,850,000.00","29,690,000,000.00","6,233,000,000.00","172,600,000,000.00","48,320.00","1,288.00",376,350
126,Gabon,Africa,3.28,1772255,705000,40000,36000,4850,4850,0,24,6,6,15,0,16,0,0,250,0,30,0,10,0,0,0,0,0,3,0,"210,800.00","20,000.00","2,000,000,000.00","557,800.00",27,5,"9,170.00",649,44,"81,520,000.00","5,599,000,000.00","834,900,000.00","36,750,000,000.00","267,667.00",885,"3,261.00",1600
127,Namibia,Africa,3.54,2484780,570000,665000,53000,15500,9500,6000,31,6,6,11,14,8,2,10,113,0,30,4,8,0,0,0,0,0,6,0,0,"26,800.00",0,"956,800.00",9,2,"44,138.00","2,626.00",112,"120,000,000.00","7,489,000,000.00","1,949,000,000.00","27,020,000,000.00","824,292.00","1,572.00","4,220.00",0
128,Panama,America,3.74,3753142,900000,1500000,64000,34000,12000,22000,27,0,0,21,4,15,0,0,65,0,0,0,20,0,0,0,0,0,8,0,0,"101,400.00",0,"1,633,000.00","8,052.00",3,"11,978.00",76,117,"145,000,000.00","86,550,000,000.00","3,888,000,000.00","99,430,000,000.00","75,420.00","2,490.00",687,800
129,Mauritania,Asia,3.75,3758571,1523335,1061515,72942,20870,15870,5000,26,0,2,8,9,4,0,35,70,0,194,0,5,0,0,0,0,0,5,0,"5,000.00","13,000.00","20,000,000.00","1,437,000.00",6,2,"10,628.00",728,30,"39,140,500.00","4,117,000,000.00","1,186,150,000.00","17,370,000,000.00","1,030,700.00",754,"5,002.00",0
130,Central African Republic,Africa,3.77,5625118,2300000,1320000,110000,5825,5825,0,4,0,0,4,0,2,0,4,51,0,24,0,0,0,0,0,0,0,0,0,0,"120,000.00",0,"2,242,000.00",57,2,"20,278.00",0,39,"18,500,000.00","767,100,000.00","4,128,000,000.00","3,395,000,000.00","622,984.00",0,"5,920.00",2800
131,El Salvador,America,3.77,6172011,3100000,2455000,141000,47000,20000,27000,52,0,15,26,3,30,0,0,123,0,70,0,4,0,0,0,0,0,3,0,0,"46,210.00",0,"2,774,000.00",2,2,"6,918.00",283,68,"165,000,000.00","16,290,000,000.00","3,067,000,000.00","56,900,000,000.00","21,041.00",307,590,0
132,Somalia,Asia,4.04,11031386,2700000,2700000,203000,15900,15900,0,25,0,0,0,0,0,0,140,430,0,230,0,3,0,0,0,0,0,11,0,0,"5,650.00",0,"4,154,000.00",5,2,"22,100.00",0,61,"58,960,000.00","5,300,000,000.00","30,450,000.00","17,470,000,000.00","637,657.00","3,025.00","2,385.00",0
133,Sierra Leone,Africa,4.73,6163195,1402400,835830,32848,10750,10750,0,5,0,0,5,0,5,0,2,10,0,0,0,10,0,0,0,0,0,10,0,0,"4,400.00",0,"2,972,000.00",451,3,"11,300.00",0,8,"13,040,000.00","1,707,000,000.00","2,332,750,000.00","11,750,000,000.00","71,740.00",402,"1,093.00",800
134,Suriname ,America,5.17,591919,131700,77100,3030,2270,2170,100,3,0,0,0,0,3,0,0,40,0,0,0,3,0,0,0,0,0,3,0,"17,000.00","17,000.00","83,980,000.00","144,000.00",10,2,"4,304.00",0,55,"67,410,000.00","1,700,000,000.00","381,100,000.00","7,928,000,000.00","163,820.00",386,"1,907.00",1200
135,Liberia,Africa,5.52,4689021,2175000,1750000,59000,1500,1500,0,0,0,0,0,0,0,0,0,0,0,0,0,0,0,0,0,0,0,0,0,0,"5,000.00",0,"1,677,000.00","3,296.00",2,"10,600.00",429,29,"10,000,000.00","1,049,000,000.00","1,675,000,000.00","3,906,000,000.00","111,369.00",579,"1,667.00",0
136,Bhutan,Asia,7.55,758288,175000,104300,4100,7500,7500,0,2,0,0,2,0,2,0,0,10,0,0,0,0,0,0,0,0,0,0,0,0,"2,000.00",0,"353,000.00",0,0,"10,578.00",0,2,"10,000,000.00","2,710,000,000.00","15,000,000.00","7,011,000,000.00","38,394.00",0,"1,136.00",0
